[
    {
        "iconUrl": "https://raw.githubusercontent.com/LikDev-256/likdev256-tamil-providers/master/AllMovieLandProvider/icon.png",
        "jarFileSize": 121864,
        "apiVersion": 1,
        "repositoryUrl": "https://github.com/phisher98/cloudstream-extensions-phisher",
        "fileSize": 27829,
        "status": 1,
        "language": "hi",
        "authors": [
            "Phisher98"
        ],
        "tvTypes": [
            "Movie",
            "TvSeries",
            "Cartoon"
        ],
        "version": 16,
        "internalName": "AllMovieLandProvider",
        "jarUrl": "https://raw.githubusercontent.com/phisher98/cloudstream-extensions-phisher/builds/AllMovieLandProvider.jar",
        "description": "Indian MultiLanguage Provider (Mostly Hindi)",
        "url": "https://raw.githubusercontent.com/phisher98/cloudstream-extensions-phisher/builds/AllMovieLandProvider.cs3",
        "name": "AllMovieLandProvider"
    },
    {
        "iconUrl": "https://raw.githubusercontent.com/phisher98/TVVVV/refs/heads/main/Icons/Allanime.png",
        "jarFileSize": 355285,
        "apiVersion": 1,
        "repositoryUrl": "https://github.com/phisher98/cloudstream-extensions-phisher",
        "fileSize": 64550,
        "status": 1,
        "language": "en",
        "authors": [
            "Hexated,Phisher98"
        ],
        "tvTypes": [
            "AnimeMovie",
            "Anime",
            "OVA"
        ],
        "version": 5,
        "internalName": "Anichi",
        "jarUrl": "https://raw.githubusercontent.com/phisher98/cloudstream-extensions-phisher/builds/Anichi.jar",
        "url": "https://raw.githubusercontent.com/phisher98/cloudstream-extensions-phisher/builds/Anichi.cs3",
        "name": "Anichi"
    },
    {
        "iconUrl": "https://raw.githubusercontent.com/phisher98/TVVVV/refs/heads/main/Icons/AnimeCloud.jpg",
        "jarFileSize": 140794,
        "apiVersion": 1,
        "repositoryUrl": "https://github.com/phisher98/cloudstream-extensions-phisher",
        "fileSize": 31511,
        "status": 1,
        "language": "de",
        "authors": [
            "Phisher98"
        ],
        "tvTypes": [
            "Anime"
        ],
        "version": 5,
        "internalName": "AnimeCloud",
        "jarUrl": "https://raw.githubusercontent.com/phisher98/cloudstream-extensions-phisher/builds/AnimeCloud.jar",
        "description": "German (Lang) Anime",
        "url": "https://raw.githubusercontent.com/phisher98/cloudstream-extensions-phisher/builds/AnimeCloud.cs3",
        "name": "AnimeCloud"
    },
    {
        "iconUrl": "https://animedekho.co/wp-content/uploads/2023/07/AnimeDekho-Logo-300x-1.png",
        "jarFileSize": 155392,
        "apiVersion": 1,
        "repositoryUrl": "https://github.com/phisher98/cloudstream-extensions-phisher",
        "fileSize": 28588,
        "status": 1,
        "language": "hi",
        "authors": [
            "Hindi Provider"
        ],
        "tvTypes": [
            "AnimeMovie",
            "Anime",
            "Cartoon"
        ],
        "version": 57,
        "internalName": "AnimeDekhoProvider",
        "jarUrl": "https://raw.githubusercontent.com/phisher98/cloudstream-extensions-phisher/builds/AnimeDekhoProvider.jar",
        "description": "Includes AnimeDekho,OnePace(DUB,SUB) and HindiSubAnime",
        "url": "https://raw.githubusercontent.com/phisher98/cloudstream-extensions-phisher/builds/AnimeDekhoProvider.cs3",
        "name": "AnimeDekhoProvider"
    },
    {
        "iconUrl": "https://www.google.com/s2/favicons?domain=animekai.to&sz=%size%",
        "apiVersion": 1,
        "repositoryUrl": "https://github.com/phisher98/cloudstream-extensions-phisher",
        "fileSize": 30240,
        "status": 1,
        "language": "en",
        "authors": [
            "Phisher98"
        ],
        "tvTypes": [
            "Anime",
            "OVA",
            "AnimeMovie"
        ],
        "version": 28,
        "internalName": "AnimeKai",
        "description": "Animes & Animes Movie",
        "url": "https://raw.githubusercontent.com/phisher98/cloudstream-extensions-phisher/builds/AnimeKai.cs3",
        "name": "AnimeKai"
    },
    {
        "iconUrl": "https://animekhor.org/wp-content/uploads/2021/11/AnimeKhor_darkmode.png",
        "jarFileSize": 71650,
        "apiVersion": 1,
        "repositoryUrl": "https://github.com/phisher98/cloudstream-extensions-phisher",
        "fileSize": 16682,
        "status": 1,
        "language": "zh",
        "authors": [
            "Phisher98"
        ],
        "tvTypes": [
            "AnimeMovie",
            "Anime"
        ],
        "version": 6,
        "internalName": "Animekhor",
        "jarUrl": "https://raw.githubusercontent.com/phisher98/cloudstream-extensions-phisher/builds/Animekhor.jar",
        "description": "Anime and Movies",
        "url": "https://raw.githubusercontent.com/phisher98/cloudstream-extensions-phisher/builds/Animekhor.cs3",
        "name": "Animekhor"
    },
    {
        "iconUrl": "https://animenosub.com/wp-content/uploads/2024/02/Animenosub-logo.png",
        "jarFileSize": 81479,
        "apiVersion": 1,
        "repositoryUrl": "https://github.com/phisher98/cloudstream-extensions-phisher",
        "fileSize": 17337,
        "status": 1,
        "language": "en",
        "authors": [
            "Phisher98"
        ],
        "tvTypes": [
            "AnimeMovie",
            "Anime",
            "Cartoon"
        ],
        "version": 7,
        "internalName": "Animenosub",
        "jarUrl": "https://raw.githubusercontent.com/phisher98/cloudstream-extensions-phisher/builds/Animenosub.jar",
        "description": "Anime and Movies",
        "url": "https://raw.githubusercontent.com/phisher98/cloudstream-extensions-phisher/builds/Animenosub.cs3",
        "name": "Animenosub"
    },
    {
        "iconUrl": "https://www.google.com/s2/favicons?domain=animepahe.ru/&sz=%size%",
        "jarFileSize": 187760,
        "apiVersion": 1,
        "repositoryUrl": "https://github.com/phisher98/cloudstream-extensions-phisher",
        "fileSize": 37088,
        "status": 1,
        "language": "en",
        "authors": [
            "Cloudburst,Lorem Ipsum,Phisher98"
        ],
        "tvTypes": [
            "AnimeMovie",
            "Anime",
            "OVA"
        ],
        "version": 12,
        "internalName": "AnimePahe",
        "jarUrl": "https://raw.githubusercontent.com/phisher98/cloudstream-extensions-phisher/builds/AnimePahe.jar",
        "description": "Animes (SUB/DUB)",
        "url": "https://raw.githubusercontent.com/phisher98/cloudstream-extensions-phisher/builds/AnimePahe.cs3",
        "name": "AnimePahe"
    },
    {
        "iconUrl": "https://www.google.com/s2/favicons?domain=animesalt.cc&sz=%size%",
        "jarFileSize": 71837,
        "apiVersion": 1,
        "repositoryUrl": "https://github.com/phisher98/cloudstream-extensions-phisher",
        "fileSize": 18928,
        "status": 1,
        "language": "hi",
        "authors": [
            "Phisher98"
        ],
        "tvTypes": [
            "AnimeMovie",
            "Anime",
            "Cartoon"
        ],
        "version": 1,
        "internalName": "Animesalt",
        "jarUrl": "https://raw.githubusercontent.com/phisher98/cloudstream-extensions-phisher/builds/Animesalt.jar",
        "description": "Anime/Cartoon in Hindi",
        "url": "https://raw.githubusercontent.com/phisher98/cloudstream-extensions-phisher/builds/Animesalt.cs3",
        "name": "Animesalt"
    },
    {
        "iconUrl": "https://raw.githubusercontent.com/phisher98/TVVVV/refs/heads/main/Icons/animeworld.jpg",
        "jarFileSize": 86599,
        "apiVersion": 1,
        "repositoryUrl": "https://github.com/phisher98/cloudstream-extensions-phisher",
        "fileSize": 21740,
        "status": 1,
        "language": "hi",
        "authors": [
            "Phisher98"
        ],
        "tvTypes": [
            "AnimeMovie",
            "Anime",
            "Cartoon"
        ],
        "version": 4,
        "internalName": "AnimeWorld",
        "jarUrl": "https://raw.githubusercontent.com/phisher98/cloudstream-extensions-phisher/builds/AnimeWorld.jar",
        "description": "Anime/Cartoon in Hindi",
        "url": "https://raw.githubusercontent.com/phisher98/cloudstream-extensions-phisher/builds/AnimeWorld.cs3",
        "name": "AnimeWorld"
    },
    {
        "iconUrl": "https://t2.gstatic.com/faviconV2?client=SOCIAL&type=FAVICON&fallback_opts=TYPE,SIZE,URL&url=https://animexin.top&size=%size%",
        "jarFileSize": 55663,
        "apiVersion": 1,
        "repositoryUrl": "https://github.com/phisher98/cloudstream-extensions-phisher",
        "fileSize": 13883,
        "status": 1,
        "language": "en",
        "authors": [
            "Phisher98"
        ],
        "tvTypes": [
            "AnimeMovie",
            "Anime",
            "Cartoon"
        ],
        "version": 7,
        "internalName": "Animexin",
        "jarUrl": "https://raw.githubusercontent.com/phisher98/cloudstream-extensions-phisher/builds/Animexin.jar",
        "description": "Anime and Movies",
        "url": "https://raw.githubusercontent.com/phisher98/cloudstream-extensions-phisher/builds/Animexin.cs3",
        "name": "Animexin"
    },
    {
        "iconUrl": "https://animeyy.com/upload/logos/2024/03/logo_1710148637_65eecc1d2584c.png",
        "jarFileSize": 77360,
        "apiVersion": 1,
        "repositoryUrl": "https://github.com/phisher98/cloudstream-extensions-phisher",
        "fileSize": 18695,
        "status": 1,
        "language": "en",
        "authors": [
            "Phisher98"
        ],
        "tvTypes": [
            "Movie",
            "Anime",
            "AnimeMovie"
        ],
        "version": 7,
        "internalName": "Animez",
        "jarUrl": "https://raw.githubusercontent.com/phisher98/cloudstream-extensions-phisher/builds/Animez.jar",
        "description": "Animez Animes",
        "url": "https://raw.githubusercontent.com/phisher98/cloudstream-extensions-phisher/builds/Animez.cs3",
        "name": "Animez"
    },
    {
        "iconUrl": "https://raw.githubusercontent.com/phisher98/TVVVV/refs/heads/main/Icons/Coflix.png",
        "jarFileSize": 121243,
        "apiVersion": 1,
        "repositoryUrl": "https://github.com/phisher98/cloudstream-extensions-phisher",
        "fileSize": 27459,
        "status": 1,
        "language": "fr",
        "authors": [
            "Phisher98"
        ],
        "tvTypes": [
            "Movie",
            "TvSeries"
        ],
        "version": 8,
        "internalName": "Coflix",
        "jarUrl": "https://raw.githubusercontent.com/phisher98/cloudstream-extensions-phisher/builds/Coflix.jar",
        "description": "Movies,Series and Anime French Extension ",
        "url": "https://raw.githubusercontent.com/phisher98/cloudstream-extensions-phisher/builds/Coflix.cs3",
        "name": "Coflix"
    },
    {
        "iconUrl": "https://raw.githubusercontent.com/phisher98/TVVVV/refs/heads/main/Icons/daddylive.png",
        "apiVersion": 1,
        "repositoryUrl": "https://github.com/phisher98/cloudstream-extensions-phisher",
        "fileSize": 21644,
        "status": 1,
        "authors": [
            "Phisher98"
        ],
        "tvTypes": [
            "Live"
        ],
        "version": 6,
        "internalName": "DaddyLive",
        "description": "Indian TV",
        "url": "https://raw.githubusercontent.com/phisher98/cloudstream-extensions-phisher/builds/DaddyLive.cs3",
        "name": "DaddyLive"
    },
    {
        "iconUrl": "https://t2.gstatic.com/faviconV2?client=SOCIAL&type=FAVICON&fallback_opts=TYPE,SIZE,URL&url=https://desicinemas.to&size=%size%",
        "jarFileSize": 156245,
        "apiVersion": 1,
        "repositoryUrl": "https://github.com/phisher98/cloudstream-extensions-phisher",
        "fileSize": 28812,
        "status": 1,
        "language": "hi",
        "authors": [
            "Phisher98"
        ],
        "tvTypes": [
            "Movie",
            "TvSeries"
        ],
        "version": 4,
        "internalName": "Desicinemas",
        "jarUrl": "https://raw.githubusercontent.com/phisher98/cloudstream-extensions-phisher/builds/Desicinemas.jar",
        "url": "https://raw.githubusercontent.com/phisher98/cloudstream-extensions-phisher/builds/Desicinemas.cs3",
        "name": "Desicinemas"
    },
    {
        "iconUrl": "https://raw.githubusercontent.com/Kohi-den/extensions-source/927f9c68fd64ce52f6212ae633d0f0585eca3545/src/en/donghuastream/res/mipmap-xxxhdpi/ic_launcher.png",
        "jarFileSize": 164205,
        "apiVersion": 1,
        "repositoryUrl": "https://github.com/phisher98/cloudstream-extensions-phisher",
        "fileSize": 30809,
        "status": 1,
        "language": "zh",
        "authors": [
            "Phisher98"
        ],
        "tvTypes": [
            "Anime"
        ],
        "version": 13,
        "internalName": "Donghuastream",
        "jarUrl": "https://raw.githubusercontent.com/phisher98/cloudstream-extensions-phisher/builds/Donghuastream.jar",
        "description": "Contains SeaTV (Chinese)",
        "url": "https://raw.githubusercontent.com/phisher98/cloudstream-extensions-phisher/builds/Donghuastream.cs3",
        "name": "Donghuastream"
    },
    {
        "iconUrl": "https://dorabash.com/wp-content/uploads/2022/06/20210525_121800.png",
        "jarFileSize": 63675,
        "apiVersion": 1,
        "repositoryUrl": "https://github.com/phisher98/cloudstream-extensions-phisher",
        "fileSize": 15387,
        "status": 1,
        "language": "hi",
        "authors": [
            "Phisher98"
        ],
        "tvTypes": [
            "AnimeMovie",
            "Anime",
            "Cartoon"
        ],
        "version": 3,
        "internalName": "DoraBash",
        "jarUrl": "https://raw.githubusercontent.com/phisher98/cloudstream-extensions-phisher/builds/DoraBash.jar",
        "description": "Doremon Show in Hindi",
        "url": "https://raw.githubusercontent.com/phisher98/cloudstream-extensions-phisher/builds/DoraBash.cs3",
        "name": "DoraBash"
    },
    {
        "iconUrl": "https://raw.githubusercontent.com/phisher98/TVVVV/refs/heads/main/Icons/dramadrip-icon.png",
        "jarFileSize": 180160,
        "apiVersion": 1,
        "repositoryUrl": "https://github.com/phisher98/cloudstream-extensions-phisher",
        "fileSize": 43695,
        "status": 1,
        "language": "en",
        "authors": [
            "Phisher98"
        ],
        "tvTypes": [
            "Movie",
            "TvSeries",
            "AsianDrama"
        ],
        "version": 3,
        "internalName": "DramaDrip",
        "jarUrl": "https://raw.githubusercontent.com/phisher98/cloudstream-extensions-phisher/builds/DramaDrip.jar",
        "description": "K-Drama,Dramas Extension by ModFlix Team",
        "url": "https://raw.githubusercontent.com/phisher98/cloudstream-extensions-phisher/builds/DramaDrip.cs3",
        "name": "DramaDrip"
    },
    {
        "iconUrl": "https://i.ibb.co/SwQRhsn/20241016-074942.jpg",
        "jarFileSize": 33776,
        "apiVersion": 1,
        "repositoryUrl": "https://github.com/phisher98/cloudstream-extensions-phisher",
        "fileSize": 9811,
        "status": 1,
        "language": "hi",
        "authors": [
            "darkdemon",
            "Dilip"
        ],
        "tvTypes": [
            "TvSeries",
            "Movie"
        ],
        "version": 3,
        "internalName": "Fivemovierulz",
        "jarUrl": "https://raw.githubusercontent.com/phisher98/cloudstream-extensions-phisher/builds/Fivemovierulz.jar",
        "description": "Movies & Series",
        "url": "https://raw.githubusercontent.com/phisher98/cloudstream-extensions-phisher/builds/Fivemovierulz.cs3",
        "name": "Fivemovierulz"
    },
    {
        "iconUrl": "https://raw.githubusercontent.com/phisher98/TVVVV/refs/heads/main/Icons/4KHDHUB-Bright-Logo.png",
        "apiVersion": 1,
        "repositoryUrl": "https://github.com/phisher98/cloudstream-extensions-phisher",
        "fileSize": 27861,
        "status": 1,
        "language": "en",
        "authors": [
            "Phisher98"
        ],
        "tvTypes": [
            "Movie",
            "TvSeries"
        ],
        "version": 11,
        "internalName": "FourKHDHub",
        "description": "4K Movies Extension by HDHUB4U",
        "url": "https://raw.githubusercontent.com/phisher98/cloudstream-extensions-phisher/builds/FourKHDHub.cs3",
        "name": "FourKHDHub"
    },
    {
        "iconUrl": "https://raw.githubusercontent.com/phisher98/TVVVV/refs/heads/main/Icons/Funmovieslix.png",
        "jarFileSize": 61028,
        "apiVersion": 1,
        "repositoryUrl": "https://github.com/phisher98/cloudstream-extensions-phisher",
        "fileSize": 14605,
        "status": 1,
        "language": "id",
        "authors": [
            "Phisher98"
        ],
        "tvTypes": [
            "Movie",
            "TvSeries"
        ],
        "version": 2,
        "internalName": "Funmovieslix",
        "jarUrl": "https://raw.githubusercontent.com/phisher98/cloudstream-extensions-phisher/builds/Funmovieslix.jar",
        "description": "Indonesia Source",
        "url": "https://raw.githubusercontent.com/phisher98/cloudstream-extensions-phisher/builds/Funmovieslix.cs3",
        "name": "Funmovieslix"
    },
    {
        "iconUrl": "https://raw.githubusercontent.com/phisher98/TVVVV/refs/heads/main/Icons/HDHUB.png",
        "apiVersion": 1,
        "repositoryUrl": "https://github.com/phisher98/cloudstream-extensions-phisher",
        "fileSize": 44586,
        "status": 1,
        "language": "hi",
        "authors": [
            "Phisher98"
        ],
        "tvTypes": [
            "Movie",
            "TvSeries",
            "Anime"
        ],
        "version": 25,
        "internalName": "HDhub4u",
        "url": "https://raw.githubusercontent.com/phisher98/cloudstream-extensions-phisher/builds/HDhub4u.cs3",
        "name": "HDhub4u"
    },
    {
        "iconUrl": "https://www.google.com/s2/favicons?domain=hianime.to&sz=%size%",
        "apiVersion": 1,
        "repositoryUrl": "https://github.com/phisher98/cloudstream-extensions-phisher",
        "fileSize": 39920,
        "status": 1,
        "language": "en",
        "authors": [
            "Stormunblessed, KillerDogeEmpire,RowdyRushya,Phisher98"
        ],
        "tvTypes": [
            "Anime",
            "OVA"
        ],
        "version": 17,
        "internalName": "HiAnime",
        "url": "https://raw.githubusercontent.com/phisher98/cloudstream-extensions-phisher/builds/HiAnime.cs3",
        "name": "HiAnime"
    },
    {
        "iconUrl": "https://www.freepnglogos.com/uploads/tv-png/tv-png-box-television-set-cable-screen-icon-31.png",
        "apiVersion": 1,
        "repositoryUrl": "https://github.com/phisher98/cloudstream-extensions-phisher",
        "fileSize": 21427,
        "status": 1,
        "authors": [
            "Phisher98"
        ],
        "tvTypes": [
            "Live"
        ],
        "version": 6,
        "internalName": "IndianTVProvider",
        "description": "Indian TV",
        "url": "https://raw.githubusercontent.com/phisher98/cloudstream-extensions-phisher/builds/IndianTVProvider.cs3",
        "name": "IndianTVProvider"
    },
    {
        "iconUrl": "https://raw.githubusercontent.com/phisher98/TVVVV/refs/heads/main/Icons/IPTV.png",
        "jarFileSize": 73061,
        "apiVersion": 1,
        "repositoryUrl": "https://github.com/phisher98/cloudstream-extensions-phisher",
        "fileSize": 17976,
        "status": 1,
        "language": "hi",
        "authors": [
            "Phisher98,Adippe"
        ],
        "tvTypes": [
            "Live"
        ],
        "version": 6,
        "internalName": "IPTVPlayer",
        "jarUrl": "https://raw.githubusercontent.com/phisher98/cloudstream-extensions-phisher/builds/IPTVPlayer.jar",
        "description": "IPTV Player",
        "url": "https://raw.githubusercontent.com/phisher98/cloudstream-extensions-phisher/builds/IPTVPlayer.cs3",
        "name": "IPTVPlayer"
    },
    {
        "iconUrl": "https://raw.githubusercontent.com/phisher98/TVVVV/refs/heads/main/Icons/streamflare.png",
        "jarFileSize": 132251,
        "apiVersion": 1,
        "repositoryUrl": "https://github.com/phisher98/cloudstream-extensions-phisher",
        "fileSize": 30493,
        "status": 1,
        "language": "hi",
        "authors": [
            "Phisher98"
        ],
        "tvTypes": [
            "AsianDrama",
            "TvSeries",
            "Anime",
            "Movie",
            "Cartoon",
            "AnimeMovie"
        ],
        "version": 1,
        "internalName": "iStreamFlare",
        "jarUrl": "https://raw.githubusercontent.com/phisher98/cloudstream-extensions-phisher/builds/iStreamFlare.jar",
        "description": "Movies/Series/Anime",
        "url": "https://raw.githubusercontent.com/phisher98/cloudstream-extensions-phisher/builds/iStreamFlare.cs3",
        "name": "iStreamFlare"
    },
    {
        "iconUrl": "https://raw.githubusercontent.com/phisher98/TVVVV/refs/heads/main/Icons/jellyfin.png",
        "apiVersion": 1,
        "repositoryUrl": "https://github.com/phisher98/cloudstream-extensions-phisher",
        "fileSize": 59437,
        "status": 1,
        "language": "en",
        "authors": [
            "Phisher98"
        ],
        "tvTypes": [
            "AsianDrama",
            "TvSeries",
            "Anime",
            "Movie",
            "Cartoon",
            "AnimeMovie"
        ],
        "version": 3,
        "internalName": "Jellyfin",
        "description": "Jellyfin is a Free Software Media System that puts you in control of managing and streaming your media",
        "url": "https://raw.githubusercontent.com/phisher98/cloudstream-extensions-phisher/builds/Jellyfin.cs3",
        "name": "Jellyfin"
    },
    {
        "iconUrl": "https://www.google.com/s2/favicons?domain=kdramahood.com&sz=%size%",
        "jarFileSize": 79885,
        "apiVersion": 1,
        "repositoryUrl": "https://github.com/phisher98/cloudstream-extensions-phisher",
        "fileSize": 18329,
        "status": 1,
        "language": "en",
        "authors": [
            "Cloudburst,lagradost,Phisher98"
        ],
        "tvTypes": [
            "AsianDrama",
            "TvSeries",
            "Movie"
        ],
        "version": 2,
        "internalName": "KdramaHoodProvider",
        "jarUrl": "https://raw.githubusercontent.com/phisher98/cloudstream-extensions-phisher/builds/KdramaHoodProvider.jar",
        "description": "Kdramas and Movies",
        "url": "https://raw.githubusercontent.com/phisher98/cloudstream-extensions-phisher/builds/KdramaHoodProvider.cs3",
        "name": "KdramaHoodProvider"
    },
    {
        "iconUrl": "https://raw.githubusercontent.com/phisher98/TVVVV/refs/heads/main/Icons/KAA.png",
        "jarFileSize": 215516,
        "apiVersion": 1,
        "repositoryUrl": "https://github.com/phisher98/cloudstream-extensions-phisher",
        "fileSize": 45574,
        "status": 1,
        "language": "en",
        "authors": [
            "Phisher98,Hexated"
        ],
        "tvTypes": [
            "AnimeMovie",
            "Anime",
            "OVA"
        ],
        "version": 15,
        "internalName": "Kickassanime",
        "jarUrl": "https://raw.githubusercontent.com/phisher98/cloudstream-extensions-phisher/builds/Kickassanime.jar",
        "url": "https://raw.githubusercontent.com/phisher98/cloudstream-extensions-phisher/builds/Kickassanime.cs3",
        "name": "Kickassanime"
    },
    {
        "iconUrl": "https://www.google.com/s2/favicons?domain=kisskh.co&sz=%size%",
        "jarFileSize": 110555,
        "apiVersion": 1,
        "repositoryUrl": "https://github.com/phisher98/cloudstream-extensions-phisher",
        "fileSize": 25175,
        "status": 1,
        "language": "en",
        "authors": [
            "Phisher98,Hexated,Peerless"
        ],
        "tvTypes": [
            "AsianDrama",
            "TvSeries",
            "Anime",
            "Movie"
        ],
        "version": 11,
        "internalName": "KisskhProvider",
        "jarUrl": "https://raw.githubusercontent.com/phisher98/cloudstream-extensions-phisher/builds/KisskhProvider.jar",
        "url": "https://raw.githubusercontent.com/phisher98/cloudstream-extensions-phisher/builds/KisskhProvider.cs3",
        "name": "KisskhProvider"
    },
    {
        "iconUrl": "https://www.google.com/s2/favicons?domain=tv7.lk21.am.in&sz=%size%",
        "jarFileSize": 84949,
        "apiVersion": 1,
        "repositoryUrl": "https://github.com/phisher98/cloudstream-extensions-phisher",
        "fileSize": 19496,
        "status": 1,
        "language": "id",
        "authors": [
            "Hexated,Phisher98"
        ],
        "tvTypes": [
            "AsianDrama",
            "TvSeries",
            "Movie"
        ],
        "version": 3,
        "internalName": "LayarKacaProvider",
        "jarUrl": "https://raw.githubusercontent.com/phisher98/cloudstream-extensions-phisher/builds/LayarKacaProvider.jar",
        "url": "https://raw.githubusercontent.com/phisher98/cloudstream-extensions-phisher/builds/LayarKacaProvider.cs3",
        "name": "LayarKacaProvider"
    },
    {
        "iconUrl": "https://raw.githubusercontent.com/LikDev-256/likdev256-tamil-providers/master/MassTamilanProvider/icon.png",
        "jarFileSize": 53759,
        "apiVersion": 1,
        "repositoryUrl": "https://github.com/phisher98/cloudstream-extensions-phisher",
        "fileSize": 14846,
        "status": 1,
        "language": "ta",
        "authors": [
            "Phisher98,LikDev-256"
        ],
        "tvTypes": [
            "Music",
            "Movie"
        ],
        "version": 6,
        "internalName": "MassTamilanProvider",
        "jarUrl": "https://raw.githubusercontent.com/phisher98/cloudstream-extensions-phisher/builds/MassTamilanProvider.jar",
        "description": "Indian Multi-language Music Provider",
        "url": "https://raw.githubusercontent.com/phisher98/cloudstream-extensions-phisher/builds/MassTamilanProvider.cs3",
        "name": "MassTamilanProvider"
    },
    {
        "iconUrl": "https://raw.githubusercontent.com/phisher98/TVVVV/refs/heads/main/Icons/Megakino.jpg",
        "jarFileSize": 66379,
        "apiVersion": 1,
        "repositoryUrl": "https://github.com/phisher98/cloudstream-extensions-phisher",
        "fileSize": 16691,
        "status": 1,
        "language": "de",
        "authors": [
            "Phisher98"
        ],
        "tvTypes": [
            "Movie,Anime,Cartoon"
        ],
        "version": 2,
        "internalName": "Megakino",
        "jarUrl": "https://raw.githubusercontent.com/phisher98/cloudstream-extensions-phisher/builds/Megakino.jar",
        "description": "Movies,Series and Anime German Extension ",
        "url": "https://raw.githubusercontent.com/phisher98/cloudstream-extensions-phisher/builds/Megakino.cs3",
        "name": "Megakino"
    },
    {
        "iconUrl": "https://raw.githubusercontent.com/phisher98/cloudstream-extensions-phisher/refs/heads/master/Movierulzhd/faviconV2.png",
        "jarFileSize": 250758,
        "apiVersion": 1,
        "repositoryUrl": "https://github.com/phisher98/cloudstream-extensions-phisher",
        "fileSize": 47221,
        "status": 1,
        "language": "hi",
        "authors": [
            "Phisher98,hexated"
        ],
        "tvTypes": [
            "TvSeries",
            "Movie"
        ],
        "version": 148,
        "internalName": "Movierulzhd",
        "jarUrl": "https://raw.githubusercontent.com/phisher98/cloudstream-extensions-phisher/builds/Movierulzhd.jar",
        "description": "Includes: Hdmovie2,hdmovie6",
        "url": "https://raw.githubusercontent.com/phisher98/cloudstream-extensions-phisher/builds/Movierulzhd.cs3",
        "name": "Movierulzhd"
    },
    {
        "iconUrl": "https://www.google.com/s2/favicons?domain=www.mxplayer.in&sz=%size%",
        "jarFileSize": 494068,
        "apiVersion": 1,
        "repositoryUrl": "https://github.com/phisher98/cloudstream-extensions-phisher",
        "fileSize": 88921,
        "status": 1,
        "language": "hi",
        "authors": [
            "Phisher98"
        ],
        "tvTypes": [
            "AsianDrama",
            "TvSeries",
            "Movie"
        ],
        "version": 1,
        "internalName": "MPlayerProvider",
        "jarUrl": "https://raw.githubusercontent.com/phisher98/cloudstream-extensions-phisher/builds/MPlayerProvider.jar",
        "description": "Indian Movies/Series/Kdrama(Hindi Dubbed)",
        "url": "https://raw.githubusercontent.com/phisher98/cloudstream-extensions-phisher/builds/MPlayerProvider.cs3",
        "name": "MPlayerProvider"
    },
    {
        "iconUrl": "https://raw.githubusercontent.com/LikDev-256/likdev256-tamil-providers/master/MultiMoviesProvider/icon.png",
        "jarFileSize": 152569,
        "apiVersion": 1,
        "repositoryUrl": "https://github.com/phisher98/cloudstream-extensions-phisher",
        "fileSize": 32782,
        "status": 1,
        "language": "hi",
        "authors": [
            "Phisher98"
        ],
        "tvTypes": [
            "Movie",
            "TvSeries",
            "Anime"
        ],
        "version": 42,
        "internalName": "MultiMoviesProvider",
        "jarUrl": "https://raw.githubusercontent.com/phisher98/cloudstream-extensions-phisher/builds/MultiMoviesProvider.jar",
        "description": "Indian Multi-language HD Provider",
        "url": "https://raw.githubusercontent.com/phisher98/cloudstream-extensions-phisher/builds/MultiMoviesProvider.cs3",
        "name": "MultiMoviesProvider"
    },
    {
        "iconUrl": "https://myflixerz.to/images/group_1/theme_7/logo.png?v=0.1",
        "jarFileSize": 86673,
        "apiVersion": 1,
        "repositoryUrl": "https://github.com/phisher98/cloudstream-extensions-phisher",
        "fileSize": 22640,
        "status": 1,
        "language": "en",
        "authors": [
            "Phisher98"
        ],
        "tvTypes": [
            "Movies",
            "TV Series"
        ],
        "version": 6,
        "internalName": "MyFlixer",
        "jarUrl": "https://raw.githubusercontent.com/phisher98/cloudstream-extensions-phisher/builds/MyFlixer.jar",
        "description": "Watch movies and series from Flixerz",
        "url": "https://raw.githubusercontent.com/phisher98/cloudstream-extensions-phisher/builds/MyFlixer.cs3",
        "name": "MyFlixer"
    },
    {
        "iconUrl": "https://cdn.bcdn.zip/wp-content/uploads/2017/04/nc-header-responsive.png",
        "jarFileSize": 51845,
        "apiVersion": 1,
        "repositoryUrl": "https://github.com/phisher98/cloudstream-extensions-phisher",
        "fileSize": 14196,
        "status": 1,
        "language": "pt-br",
        "authors": [
            "Phisher98"
        ],
        "tvTypes": [
            "Movie",
            "TvSeries"
        ],
        "version": 1,
        "internalName": "Netcinez",
        "jarUrl": "https://raw.githubusercontent.com/phisher98/cloudstream-extensions-phisher/builds/Netcinez.jar",
        "description": "Movies,Series and Anime Portuguese Extension ",
        "url": "https://raw.githubusercontent.com/phisher98/cloudstream-extensions-phisher/builds/Netcinez.cs3",
        "name": "Netcinez"
    },
    {
        "iconUrl": "https://www.google.com/s2/favicons?domain=noxx.to&sz=%size%",
        "apiVersion": 1,
        "repositoryUrl": "https://github.com/phisher98/cloudstream-extensions-phisher",
        "fileSize": 13428,
        "status": 1,
        "language": "en",
        "authors": [
            "LikDev-256,Phisher98"
        ],
        "tvTypes": [
            "TvSeries"
        ],
        "version": 2,
        "internalName": "NOXXProvider",
        "description": "HD TV Shows (Not all links are working because of a unsolvable issue)",
        "url": "https://raw.githubusercontent.com/phisher98/cloudstream-extensions-phisher/builds/NOXXProvider.cs3",
        "name": "NOXXProvider"
    },
    {
        "iconUrl": "https://raw.githubusercontent.com/phisher98/TVVVV/refs/heads/main/Icons/onepace.png",
        "jarFileSize": 113957,
        "apiVersion": 1,
        "repositoryUrl": "https://github.com/phisher98/cloudstream-extensions-phisher",
        "fileSize": 24053,
        "status": 1,
        "language": "en",
        "authors": [
            "KillerDogeEmpire,Phisher98"
        ],
        "tvTypes": [
            "Anime"
        ],
        "version": 12,
        "internalName": "OnePace",
        "jarUrl": "https://raw.githubusercontent.com/phisher98/cloudstream-extensions-phisher/builds/OnePace.jar",
        "description": "One Pace",
        "url": "https://raw.githubusercontent.com/phisher98/cloudstream-extensions-phisher/builds/OnePace.cs3",
        "name": "OnePace"
    },
    {
        "iconUrl": "https://ownfmx.com/assets/favicon/favicon-32x32.png",
        "jarFileSize": 28702,
        "apiVersion": 1,
        "repositoryUrl": "https://github.com/phisher98/cloudstream-extensions-phisher",
        "fileSize": 8429,
        "status": 1,
        "language": "hi",
        "authors": [
            "Dilip"
        ],
        "tvTypes": [
            "Movie",
            "TvSeries"
        ],
        "version": 2,
        "internalName": "Ownfmx",
        "jarUrl": "https://raw.githubusercontent.com/phisher98/cloudstream-extensions-phisher/builds/Ownfmx.jar",
        "description": "movies and series",
        "url": "https://raw.githubusercontent.com/phisher98/cloudstream-extensions-phisher/builds/Ownfmx.cs3",
        "name": "Ownfmx"
    },
    {
        "iconUrl": "https://pagalnew.com/images/logo-pagal.webp",
        "jarFileSize": 42189,
        "apiVersion": 1,
        "repositoryUrl": "https://github.com/phisher98/cloudstream-extensions-phisher",
        "fileSize": 12846,
        "status": 1,
        "language": "hi",
        "authors": [
            "Phisher98"
        ],
        "tvTypes": [
            "Music",
            "Movie"
        ],
        "version": 4,
        "internalName": "PagalWorld",
        "jarUrl": "https://raw.githubusercontent.com/phisher98/cloudstream-extensions-phisher/builds/PagalWorld.jar",
        "description": "Indian Multi-language Music Provider",
        "url": "https://raw.githubusercontent.com/phisher98/cloudstream-extensions-phisher/builds/PagalWorld.cs3",
        "name": "PagalWorld"
    },
    {
        "iconUrl": "https://t2.gstatic.com/faviconV2?client=SOCIAL&type=FAVICON&fallback_opts=TYPE,SIZE,URL&url=https://ww03.pencurimovie.bond&size=%size%",
        "jarFileSize": 48911,
        "apiVersion": 1,
        "repositoryUrl": "https://github.com/phisher98/cloudstream-extensions-phisher",
        "fileSize": 12656,
        "status": 1,
        "language": "id",
        "authors": [
            "Phisher98"
        ],
        "tvTypes": [
            "Movie",
            "TvSeries"
        ],
        "version": 4,
        "internalName": "Pencurimovie",
        "jarUrl": "https://raw.githubusercontent.com/phisher98/cloudstream-extensions-phisher/builds/Pencurimovie.jar",
        "description": "Pencurimovie ",
        "url": "https://raw.githubusercontent.com/phisher98/cloudstream-extensions-phisher/builds/Pencurimovie.cs3",
        "name": "Pencurimovie"
    },
    {
        "iconUrl": "https://t3.gstatic.com/faviconV2?client=SOCIAL&type=FAVICON&fallback_opts=TYPE,SIZE,URL&url=https://pinoymoviepedia.ru&size=16",
        "jarFileSize": 84834,
        "apiVersion": 1,
        "repositoryUrl": "https://github.com/phisher98/cloudstream-extensions-phisher",
        "fileSize": 18673,
        "status": 1,
        "language": "fil",
        "authors": [
            "Phisher98"
        ],
        "tvTypes": [
            "Movie",
            "TvSeries"
        ],
        "version": 2,
        "internalName": "Pinoymoviepedia",
        "jarUrl": "https://raw.githubusercontent.com/phisher98/cloudstream-extensions-phisher/builds/Pinoymoviepedia.jar",
        "description": "Contains Bluray7",
        "url": "https://raw.githubusercontent.com/phisher98/cloudstream-extensions-phisher/builds/Pinoymoviepedia.cs3",
        "name": "Pinoymoviepedia"
    },
    {
        "iconUrl": "https://www.thestatesman.com/wp-content/uploads/2021/05/fancode.jpg",
        "jarFileSize": 87899,
        "apiVersion": 1,
        "repositoryUrl": "https://github.com/phisher98/cloudstream-extensions-phisher",
        "fileSize": 20414,
        "status": 1,
        "language": "en",
        "authors": [
            "Phisher98"
        ],
        "tvTypes": [
            "Live"
        ],
        "version": 1,
        "internalName": "PublicSportsIPTV",
        "jarUrl": "https://raw.githubusercontent.com/phisher98/cloudstream-extensions-phisher/builds/PublicSportsIPTV.jar",
        "description": "Sports Live Streams",
        "url": "https://raw.githubusercontent.com/phisher98/cloudstream-extensions-phisher/builds/PublicSportsIPTV.cs3",
        "name": "PublicSportsIPTV"
    },
    {
        "iconUrl": "https://www.google.com/s2/favicons?domain=github.com&sz=%size%",
        "jarFileSize": 142207,
        "apiVersion": 1,
        "repositoryUrl": "https://github.com/phisher98/cloudstream-extensions-phisher",
        "fileSize": 21466,
        "status": 1,
        "language": "en",
        "authors": [
            "Phisher98"
        ],
        "tvTypes": [
            "Live"
        ],
        "version": 5,
        "internalName": "QuickIPTV",
        "jarUrl": "https://raw.githubusercontent.com/phisher98/cloudstream-extensions-phisher/builds/QuickIPTV.jar",
        "description": "Includes PirateIPTV,Sports IPTV,Japanese IPTV,Sony IPTV",
        "url": "https://raw.githubusercontent.com/phisher98/cloudstream-extensions-phisher/builds/QuickIPTV.cs3",
        "name": "QuickIPTV"
    },
    {
        "iconUrl": "https://raw.githubusercontent.com/LikDev-256/likdev256-tamil-providers/master/ShowFlixProvider/icon.png",
        "jarFileSize": 330498,
        "apiVersion": 1,
        "repositoryUrl": "https://github.com/phisher98/cloudstream-extensions-phisher",
        "fileSize": 62639,
        "status": 1,
        "language": "hi",
        "authors": [
            "LikDev-256,Phisher98"
        ],
        "tvTypes": [
            "TvSeries",
            "Movie"
        ],
        "version": 10,
        "internalName": "ShowFlixProvider",
        "jarUrl": "https://raw.githubusercontent.com/phisher98/cloudstream-extensions-phisher/builds/ShowFlixProvider.jar",
        "description": "HD Provider for all Indian Languages",
        "url": "https://raw.githubusercontent.com/phisher98/cloudstream-extensions-phisher/builds/ShowFlixProvider.cs3",
        "name": "ShowFlixProvider"
    },
    {
        "iconUrl": "https://raw.githubusercontent.com/phisher98/cloudstream-extensions-phisher/refs/heads/master/Telugumv/faviconV2.png",
        "jarFileSize": 79757,
        "apiVersion": 1,
        "repositoryUrl": "https://github.com/phisher98/cloudstream-extensions-phisher",
        "fileSize": 17179,
        "status": 1,
        "language": "hi",
        "authors": [
            "Phisher98"
        ],
        "tvTypes": [
            "Movie,TvSeries"
        ],
        "version": 8,
        "internalName": "Streamblasters",
        "jarUrl": "https://raw.githubusercontent.com/phisher98/cloudstream-extensions-phisher/builds/Streamblasters.jar",
        "description": "Streamblasters Multi Language",
        "url": "https://raw.githubusercontent.com/phisher98/cloudstream-extensions-phisher/builds/Streamblasters.cs3",
        "name": "Streamblasters"
    },
    {
        "iconUrl": "https://i3.wp.com/yt3.googleusercontent.com/ytc/AIdro_nCBArSmvOc6o-k2hTYpLtQMPrKqGtAw_nC20rxm70akA=s900-c-k-c0x00ffffff-no-rj?ssl=1",
        "apiVersion": 1,
        "repositoryUrl": "https://github.com/phisher98/cloudstream-extensions-phisher",
        "fileSize": 748186,
        "status": 1,
        "language": "en",
        "authors": [
            "Phisher98",
            "Hexated"
        ],
        "tvTypes": [
            "AsianDrama",
            "TvSeries",
            "Anime",
            "Movie",
            "Cartoon",
            "AnimeMovie"
        ],
        "version": 370,
        "internalName": "StreamPlay",
        "description": "#1 best extention based on MultiAPI",
        "url": "https://raw.githubusercontent.com/phisher98/cloudstream-extensions-phisher/builds/StreamPlay.cs3",
        "name": "StreamPlay"
    },
    {
        "iconUrl": "https://t2.gstatic.com/faviconV2?client=SOCIAL&type=FAVICON&fallback_opts=TYPE,SIZE,URL&url=https://www.showbox.media/&size=256",
        "apiVersion": 1,
        "repositoryUrl": "https://github.com/phisher98/cloudstream-extensions-phisher",
        "fileSize": 98212,
        "status": 1,
        "language": "en",
        "authors": [
            "Phisher98"
        ],
        "tvTypes": [
            "AsianDrama",
            "TvSeries",
            "Anime",
            "Movie",
            "Cartoon",
            "AnimeMovie"
        ],
        "version": 21,
        "internalName": "SuperStream",
        "description": "SuperStream (Retrieve the cookie using Login with Google to properly utilize SuperStream.",
        "url": "https://raw.githubusercontent.com/phisher98/cloudstream-extensions-phisher/builds/SuperStream.cs3",
        "name": "SuperStream"
    },
    {
        "iconUrl": "https://i.postimg.cc/FRwFFtyT/logo.png",
        "apiVersion": 1,
        "repositoryUrl": "https://github.com/phisher98/cloudstream-extensions-phisher",
        "fileSize": 12737,
        "status": 1,
        "language": "ta",
        "authors": [
            "rockhero1234"
        ],
        "tvTypes": [
            "Movie",
            "TvSeries"
        ],
        "version": 1,
        "internalName": "Tamilblasters",
        "description": "Movies & Series",
        "url": "https://raw.githubusercontent.com/phisher98/cloudstream-extensions-phisher/builds/Tamilblasters.cs3",
        "name": "Tamilblasters"
    },
    {
        "iconUrl": "https://www.google.com/s2/favicons?domain=tamilian.io&sz=%size%",
        "apiVersion": 1,
        "repositoryUrl": "https://github.com/phisher98/cloudstream-extensions-phisher",
        "fileSize": 13535,
        "status": 1,
        "language": "ta",
        "authors": [
            "Phisher98"
        ],
        "tvTypes": [
            "Movies"
        ],
        "version": 2,
        "internalName": "Tamilian",
        "description": "Movies (Tamil)",
        "url": "https://raw.githubusercontent.com/phisher98/cloudstream-extensions-phisher/builds/Tamilian.cs3",
        "name": "Tamilian"
    },
    {
        "iconUrl": "https://telugumv.fun/wp-content/uploads/2024/05/20240509_195734-e1715265186634.png",
        "jarFileSize": 88855,
        "apiVersion": 1,
        "repositoryUrl": "https://github.com/phisher98/cloudstream-extensions-phisher",
        "fileSize": 22822,
        "status": 1,
        "language": "te",
        "authors": [
            "Phisher98"
        ],
        "tvTypes": [
            "Movie",
            "TvSeries"
        ],
        "version": 4,
        "internalName": "Telugumv",
        "jarUrl": "https://raw.githubusercontent.com/phisher98/cloudstream-extensions-phisher/builds/Telugumv.jar",
        "description": "Telugu Movies and TV Series",
        "url": "https://raw.githubusercontent.com/phisher98/cloudstream-extensions-phisher/builds/Telugumv.cs3",
        "name": "Telugumv"
    },
    {
        "iconUrl": "https://www.google.com/s2/favicons?domain=tennistream.com&sz=%size%",
        "jarFileSize": 61644,
        "apiVersion": 1,
        "repositoryUrl": "https://github.com/phisher98/cloudstream-extensions-phisher",
        "fileSize": 13034,
        "status": 1,
        "language": "en",
        "authors": [
            "Phisher98"
        ],
        "tvTypes": [
            "Live"
        ],
        "version": 3,
        "internalName": "Tennistream",
        "jarUrl": "https://raw.githubusercontent.com/phisher98/cloudstream-extensions-phisher/builds/Tennistream.jar",
        "description": "Tennistream",
        "url": "https://raw.githubusercontent.com/phisher98/cloudstream-extensions-phisher/builds/Tennistream.cs3",
        "name": "Tennistream"
    },
    {
        "iconUrl": "https://toonhub4u.me/wp-content/uploads/2024/02/Untitled.png",
        "jarFileSize": 63863,
        "apiVersion": 1,
        "repositoryUrl": "https://github.com/phisher98/cloudstream-extensions-phisher",
        "fileSize": 14472,
        "status": 1,
        "language": "hi",
        "authors": [
            "Phisher98"
        ],
        "tvTypes": [
            "AnimeMovie",
            "Anime",
            "Cartoon"
        ],
        "version": 6,
        "internalName": "ToonHub",
        "jarUrl": "https://raw.githubusercontent.com/phisher98/cloudstream-extensions-phisher/builds/ToonHub.jar",
        "description": "ToonHub Multi Language",
        "url": "https://raw.githubusercontent.com/phisher98/cloudstream-extensions-phisher/builds/ToonHub.cs3",
        "name": "ToonHub"
    },
    {
        "iconUrl": "https://www.toontales.net/wp-content/themes/toontales/images/logo.png",
        "jarFileSize": 33221,
        "apiVersion": 1,
        "repositoryUrl": "https://github.com/phisher98/cloudstream-extensions-phisher",
        "fileSize": 9290,
        "status": 1,
        "language": "hi",
        "authors": [
            "Phisher98"
        ],
        "tvTypes": [
            "Cartoon"
        ],
        "version": 2,
        "internalName": "ToonTales",
        "jarUrl": "https://raw.githubusercontent.com/phisher98/cloudstream-extensions-phisher/builds/ToonTales.jar",
        "description": "ToonTales",
        "url": "https://raw.githubusercontent.com/phisher98/cloudstream-extensions-phisher/builds/ToonTales.cs3",
        "name": "ToonTales"
    },
    {
        "iconUrl": "https://www.topcartoons.tv/wp-content/uploads/logo.png",
        "jarFileSize": 33854,
        "apiVersion": 1,
        "repositoryUrl": "https://github.com/phisher98/cloudstream-extensions-phisher",
        "fileSize": 9280,
        "status": 1,
        "language": "hi",
        "authors": [
            "Phisher98"
        ],
        "tvTypes": [
            "Cartoon"
        ],
        "version": 2,
        "internalName": "Topcartoons",
        "jarUrl": "https://raw.githubusercontent.com/phisher98/cloudstream-extensions-phisher/builds/Topcartoons.jar",
        "description": "Top Cartoon",
        "url": "https://raw.githubusercontent.com/phisher98/cloudstream-extensions-phisher/builds/Topcartoons.cs3",
        "name": "Topcartoons"
    },
    {
        "iconUrl": "https://www.topstreamfilm.live/templates/topstreamfilm/images/logo-1.png",
        "jarFileSize": 67416,
        "apiVersion": 1,
        "repositoryUrl": "https://github.com/phisher98/cloudstream-extensions-phisher",
        "fileSize": 15154,
        "status": 1,
        "language": "de",
        "authors": [
            "Phisher"
        ],
        "tvTypes": [
            "Movie",
            "TvSeries"
        ],
        "version": 5,
        "internalName": "Topstreamfilm",
        "jarUrl": "https://raw.githubusercontent.com/phisher98/cloudstream-extensions-phisher/builds/Topstreamfilm.jar",
        "description": "Filme  and Serien (German)",
        "url": "https://raw.githubusercontent.com/phisher98/cloudstream-extensions-phisher/builds/Topstreamfilm.cs3",
        "name": "Topstreamfilm"
    },
    {
        "iconUrl": "https://torrentio.strem.fun/images/logo_v1.png",
        "apiVersion": 1,
        "repositoryUrl": "https://github.com/phisher98/cloudstream-extensions-phisher",
        "fileSize": 102826,
        "status": 1,
        "language": "en",
        "authors": [
            "Phisher98"
        ],
        "tvTypes": [
            "Movie",
            "Torrent",
            "AsianDrama",
            "TvSeries",
            "Anime"
        ],
        "version": 32,
        "internalName": "TorraStream",
        "description": "#1 Best Extension \u2013 MultiAPI-Based with 4K Torrent Support (Debian) Use Extension Settings",
        "url": "https://raw.githubusercontent.com/phisher98/cloudstream-extensions-phisher/builds/TorraStream.cs3",
        "name": "TorraStream"
    },
    {
        "iconUrl": "https://raw.githubusercontent.com/LikDev-256/likdev256-tamil-providers/master/UHDmoviesProvider/icon.png",
        "apiVersion": 1,
        "repositoryUrl": "https://github.com/phisher98/cloudstream-extensions-phisher",
        "fileSize": 43573,
        "status": 1,
        "language": "en",
        "authors": [
            "Phisher98"
        ],
        "tvTypes": [
            "Movie",
            "TvSeries"
        ],
        "version": 26,
        "internalName": "UHDmoviesProvider",
        "description": "Indian Multi-language 4K Provider",
        "url": "https://raw.githubusercontent.com/phisher98/cloudstream-extensions-phisher/builds/UHDmoviesProvider.cs3",
        "name": "UHDmoviesProvider"
    },
    {
        "iconUrl": "https://raw.githubusercontent.com/phisher98/TVVVV/refs/heads/main/Icons/Ultima.jpg",
        "apiVersion": 1,
        "repositoryUrl": "https://github.com/phisher98/cloudstream-extensions-phisher",
        "fileSize": 286561,
        "status": 2,
        "language": "en",
        "authors": [
            "RowdyRushya,Phisher98"
        ],
        "tvTypes": [
            "All"
        ],
        "version": 14,
        "internalName": "Ultima",
        "description": "The ultimate All-in-One home screen to access all of your extensions at one place (You need to select/deselect sections in Ultima's settings to load other extensions on home screen)",
        "url": "https://raw.githubusercontent.com/phisher98/cloudstream-extensions-phisher/builds/Ultima.cs3",
        "name": "Ultima"
    },
    {
        "iconUrl": "https://www.google.com/s2/favicons?domain=watchmmafull.com/&sz=%size%",
        "jarFileSize": 80756,
        "apiVersion": 1,
        "repositoryUrl": "https://github.com/phisher98/cloudstream-extensions-phisher",
        "fileSize": 16624,
        "status": 1,
        "language": "en",
        "authors": [
            "Phisher98"
        ],
        "tvTypes": [
            "Other",
            "Live"
        ],
        "version": 2,
        "internalName": "WatchMMAFull",
        "jarUrl": "https://raw.githubusercontent.com/phisher98/cloudstream-extensions-phisher/builds/WatchMMAFull.jar",
        "description": "MMA Videos",
        "url": "https://raw.githubusercontent.com/phisher98/cloudstream-extensions-phisher/builds/WatchMMAFull.cs3",
        "name": "WatchMMAFull"
    },
    {
        "iconUrl": "https://raw.githubusercontent.com/phisher98/TVVVV/refs/heads/main/Icons/yts.png",
        "jarFileSize": 76378,
        "apiVersion": 1,
        "repositoryUrl": "https://github.com/phisher98/cloudstream-extensions-phisher",
        "fileSize": 15880,
        "status": 1,
        "language": "en",
        "authors": [
            "Phisher98"
        ],
        "tvTypes": [
            "Movie",
            "Torrent"
        ],
        "version": 4,
        "internalName": "YTS",
        "jarUrl": "https://raw.githubusercontent.com/phisher98/cloudstream-extensions-phisher/builds/YTS.jar",
        "description": "YTS Movies 4K Support (Torrent)",
        "url": "https://raw.githubusercontent.com/phisher98/cloudstream-extensions-phisher/builds/YTS.cs3",
        "name": "YTS"
    }
]